edge_slice_demand;k_1= (18,4,4);k_2= (3,9,4);k_3= (2,12,6);k_4= (5,15,4);k_5= (7,12,6);k_6= (10,13,6);k_7= (16,2,3);k_8= (13,5,6);k_9= (8,10,4);k_10= (5,18,3);k_11= (18,12,6);k_12= (17,18,3);k_13= (7,5,6);k_14= (7,16,3);k_15= (12,11,3);k_16= (12,14,3);k_17= (2,12,6);k_18= (17,13,6);k_19= (5,1,3);k_20= (13,14,6);k_21= (1,15,4);k_22= (13,7,6);k_23= (10,12,6);k_24= (6,18,4);k_25= (11,6,3);k_26= (1,8,4);k_27= (12,3,6);k_28= (5,15,4);k_29= (18,6,4);k_30= (12,6,3);k_31= (8,1,4);k_32= (8,18,4);k_33= (5,2,4);k_34= (10,1,4);k_35= (7,8,6);k_36= (8,13,6);k_37= (11,6,3);k_38= (16,5,4);k_39= (3,15,6);k_40= (1,3,4);k_41= (14,17,4);k_42= (18,8,4);k_43= (5,14,6);k_44= (14,18,6);k_45= (14,6,6);k_46= (10,14,6);k_47= (9,3,4);k_48= (9,10,3);k_49= (18,11,4);k_50= (6,8,6);k_51= (13,12,3);k_52= (17,13,6);k_53= (3,4,6);k_54= (10,1,4);k_55= (2,4,3);k_56= (3,2,4);k_57= (17,16,6);k_58= (8,10,4);k_59= (4,10,3);k_60= (4,8,4);
[1,5]; ; ; ; ; ; ; ;1; ; ; ; ; ; ; ; ; ; ;1; ; ; ; ; ; ; ; ;1; ; ; ; ; ;1; ; ; ; ; ;1; ; ; ; ; ; ; ; ; ; ; ; ; ;1; ; ; ; ; ; ;
[1,14]; ; ; ; ; ; ; ; ; ; ; ; ; ; ; ; ; ; ; ; ; ; ; ; ; ; ; ; ; ; ; ; ; ; ; ; ; ; ; ; ; ; ; ; ; ; ; ; ; ; ; ; ; ; ; ; ; ; ; ; ;
[1,15]; ; ; ; ; ; ; ;1; ; ;1; ; ; ; ; ; ; ; ; ;1; ; ; ; ; ; ;1; ; ;1;1; ; ; ; ; ; ;1; ; ; ; ; ; ; ; ; ; ; ; ; ; ; ; ; ; ; ; ; ;
[1,17]; ; ; ; ; ; ; ; ; ; ; ;1; ; ; ; ; ; ; ; ; ; ; ; ; ;1; ; ; ; ; ; ; ; ; ; ; ; ; ; ; ;1; ; ; ; ; ; ; ; ; ; ; ; ; ; ; ; ; ; ;
[1,18]; ; ; ; ; ; ; ; ; ; ;1;1; ; ; ; ; ; ; ; ; ; ; ; ; ; ; ; ; ; ; ;1; ; ; ; ; ; ;1; ; ;1; ; ; ; ; ; ; ; ; ; ; ; ; ; ; ; ; ; ;
[2,4]; ; ;1; ; ;1; ; ; ; ; ; ; ; ; ; ;1; ; ; ; ; ; ; ; ; ; ; ; ; ; ; ; ; ; ; ; ; ; ; ; ; ; ; ; ; ; ; ; ; ; ; ; ; ;1; ; ; ;1; ;
[2,5]; ; ; ; ; ; ; ; ; ; ; ; ; ; ; ; ; ; ; ; ; ; ; ; ; ; ; ; ; ; ; ; ;1; ; ; ; ; ; ; ; ; ; ; ; ; ; ; ; ; ; ; ; ; ; ;1; ; ; ; ;
[2,9]; ; ; ; ; ; ; ; ; ; ; ; ; ; ; ; ; ; ; ; ; ; ; ; ; ; ; ; ; ; ; ; ; ; ; ; ; ; ; ; ; ; ; ; ; ; ; ; ; ; ; ; ; ; ; ; ; ; ; ; ;
[2,10]; ; ; ; ; ;1; ; ; ; ; ; ; ; ; ; ; ; ; ; ; ; ; ; ; ; ; ; ; ; ; ; ; ; ; ; ; ; ; ; ; ; ; ; ; ; ; ; ; ; ; ; ; ; ; ; ; ; ;1; ;
[2,16]; ; ; ; ; ; ;1; ; ; ; ; ; ; ; ; ; ; ; ; ; ; ; ; ; ; ; ; ; ; ; ; ; ; ; ; ; ; ; ; ; ; ; ; ; ; ; ; ; ; ; ; ; ; ; ; ; ; ; ; ;
[3,5]; ;1; ; ; ; ; ; ; ; ; ; ; ; ; ; ; ; ; ; ; ; ; ; ; ; ;1; ; ; ; ; ; ; ; ; ; ; ; ;1; ; ; ; ; ; ;1; ; ; ; ; ; ; ; ;1; ; ; ; ;
[3,6]; ; ; ; ; ; ; ; ; ; ; ; ; ; ; ; ; ; ; ; ; ; ; ;1; ; ; ; ;1; ; ; ; ; ; ; ; ; ; ; ; ; ; ; ;1; ; ; ; ; ; ; ; ; ; ; ; ; ; ; ;
[3,11]; ; ; ; ; ; ; ; ; ; ; ; ; ; ; ; ; ; ; ; ; ; ; ; ; ; ; ; ; ; ; ; ; ; ; ; ; ; ; ; ; ; ; ; ; ; ; ; ;1; ; ; ;1; ; ; ; ; ; ; ;
[3,18]; ; ; ; ; ; ; ; ; ; ; ; ; ; ; ; ; ; ; ; ; ; ; ;1; ; ; ; ;1; ; ; ; ; ; ; ; ; ;1; ; ; ; ; ;1; ; ; ;1; ; ; ; ; ; ; ; ; ; ; ;
[4,7]; ; ; ; ;1; ; ; ; ; ; ; ;1; ;1; ; ; ; ; ; ;1; ; ; ; ; ; ; ;1; ; ; ; ;1; ; ; ; ; ; ; ; ; ; ; ; ; ; ; ; ; ;1; ; ; ; ; ; ; ;
[4,9];1; ; ; ; ; ; ; ; ; ; ; ;1; ; ; ; ; ; ; ; ; ; ; ; ; ;1; ; ; ; ; ; ; ; ; ; ; ; ; ; ; ; ; ; ; ; ; ; ; ; ; ; ; ; ; ; ; ; ; ;
[4,12]; ; ;1; ;1; ; ; ; ; ; ; ; ; ;1; ;1; ; ; ; ; ;1; ; ; ;1; ; ;1; ; ; ; ; ; ; ; ; ; ; ; ; ; ; ; ; ; ; ; ; ; ; ; ; ; ; ; ; ; ;
[4,13]; ; ; ; ; ;1; ; ; ; ; ; ; ; ; ; ; ; ; ; ; ;1; ; ; ; ; ; ; ; ; ; ; ; ; ; ; ; ; ; ; ; ; ; ; ; ; ; ; ; ; ; ; ; ; ; ; ; ; ; ;
[4,15]; ; ; ; ; ; ; ; ; ; ; ; ; ; ; ; ; ; ; ; ; ; ; ; ; ; ; ; ; ; ; ; ; ; ;1; ; ; ; ; ; ; ; ; ; ; ; ; ; ;1; ; ; ; ; ; ;1; ; ;1;
[4,16]; ; ; ; ; ; ; ; ; ; ; ; ; ; ; ; ; ; ; ; ; ; ;1; ; ; ; ; ; ; ; ; ; ; ; ; ; ; ; ; ; ; ; ; ; ; ; ; ; ;1; ; ; ; ; ; ;1; ; ; ;
[5,9];1;1; ;1; ; ; ; ; ; ; ; ;1; ; ; ; ; ; ; ; ; ; ; ; ; ;1; ; ; ; ; ; ; ; ; ; ; ; ; ; ; ; ; ; ; ;1; ; ; ; ; ; ; ; ; ; ; ; ; ;
[5,10]; ; ; ; ; ; ; ; ; ; ; ; ; ; ; ; ; ; ; ; ; ; ; ; ; ; ; ; ; ; ; ; ; ;1; ; ; ;1; ; ; ; ; ; ; ;1; ; ; ; ; ; ; ;1; ; ; ; ; ; ;
[5,18];1; ; ; ; ; ; ; ; ;1; ; ; ; ; ; ; ; ; ; ; ; ; ; ; ; ; ; ; ; ; ; ; ; ; ; ; ; ; ; ; ; ;1; ; ;1; ; ; ; ; ; ; ; ; ; ; ; ; ; ;
[6,11]; ; ; ; ; ; ; ; ; ; ; ; ; ; ; ; ; ; ; ; ; ; ; ; ;1; ; ; ; ;1; ; ; ; ; ; ;1; ; ; ; ; ; ; ; ; ; ; ; ;1; ; ; ; ; ; ; ; ; ; ;
[7,11]; ; ; ; ; ; ; ; ; ; ; ; ; ; ;1; ; ; ; ; ; ; ; ; ; ; ; ; ; ;1; ; ; ; ; ; ; ; ; ; ; ; ; ; ; ; ; ; ; ; ; ; ;1; ; ; ; ; ; ; ;
[7,16]; ; ; ; ; ; ; ; ; ; ; ; ; ;1; ; ; ; ; ; ; ; ; ; ; ; ; ; ; ; ; ; ; ; ; ; ; ; ; ; ; ; ; ; ; ; ; ; ; ; ; ; ; ; ; ; ; ; ; ; ;
[8,12]; ; ; ; ; ; ; ; ; ; ;1; ; ; ; ;1; ; ; ; ; ; ; ; ; ; ; ; ; ; ; ; ; ; ; ; ; ; ; ; ; ; ; ; ; ; ; ; ; ; ; ; ; ; ; ; ; ; ; ; ;
[8,13]; ; ; ; ; ; ; ; ; ; ; ; ; ; ; ; ; ; ; ;1; ; ; ; ; ; ; ; ; ; ; ; ; ; ; ;1; ; ; ; ; ; ; ; ; ; ; ; ; ; ; ; ; ; ; ; ; ; ; ; ;
[8,14]; ; ; ; ; ; ; ; ; ; ; ; ; ; ; ;1; ; ; ;1; ; ; ; ; ; ; ; ; ; ; ; ; ; ; ; ; ; ; ; ; ; ; ; ; ; ; ; ; ; ; ; ; ; ; ; ; ; ; ; ;
[8,17]; ; ; ; ; ; ; ; ; ; ; ; ; ; ; ; ; ; ; ; ; ; ; ; ; ;1; ; ; ; ; ; ; ; ; ; ; ; ; ; ; ;1; ; ; ; ; ; ; ; ; ; ; ; ; ; ; ; ; ; ;
[9,10]; ; ; ; ; ; ; ; ;1; ; ; ; ; ; ; ; ; ; ; ; ; ; ; ; ; ; ; ; ; ; ; ; ; ; ; ; ; ; ; ; ; ; ; ; ; ; ;1; ; ; ; ; ; ; ; ; ;1; ; ;
[9,15]; ; ; ;1; ; ; ; ;1; ; ; ; ; ; ; ; ; ; ; ; ; ; ; ; ; ; ; ; ; ; ; ; ; ; ; ; ; ; ; ; ; ; ; ; ; ; ; ; ; ; ; ; ; ; ; ; ;1; ; ;
[10,16]; ; ; ; ; ; ; ; ; ; ; ; ; ; ; ; ; ; ; ; ; ; ;1; ; ; ; ; ; ; ; ; ; ; ; ; ; ;1; ; ; ; ; ; ; ; ; ; ; ; ; ; ; ; ; ; ; ; ; ; ;
[11,16]; ; ; ; ; ; ; ; ; ; ; ; ; ; ; ; ; ; ; ; ; ; ; ; ; ; ; ; ; ; ; ; ; ; ; ; ; ; ; ; ; ; ; ; ; ; ; ; ; ;1; ; ; ; ; ; ; ; ; ; ;
[12,13]; ; ; ; ; ; ; ; ; ; ; ; ; ; ; ; ; ; ; ; ; ; ; ; ; ; ; ; ; ; ; ; ; ; ; ; ; ; ; ; ; ; ; ; ; ; ; ; ; ; ;1; ; ; ; ; ; ; ; ; ;
[13,15]; ; ; ; ; ; ; ;1; ; ; ; ; ; ; ; ; ;1; ; ; ; ; ; ; ; ; ; ; ; ; ; ; ; ; ; ; ; ; ; ; ; ; ; ; ; ; ; ; ; ; ;1; ; ; ; ; ; ; ; ;
[14,17]; ; ; ; ; ; ; ; ; ; ; ; ; ; ; ; ; ; ; ; ; ; ; ; ; ; ; ; ; ; ; ; ; ; ; ; ; ; ; ; ;1; ; ; ; ; ; ; ; ; ; ; ; ; ; ; ; ; ; ; ;
[14,18]; ; ; ; ; ; ; ; ; ; ; ; ; ; ; ; ; ; ; ; ; ; ; ; ; ; ; ; ; ; ; ; ; ; ; ; ; ; ; ; ; ; ;1;1;1;1; ; ; ; ; ; ; ; ; ; ; ; ; ; ;
[15,17]; ; ; ; ; ; ; ; ; ; ; ; ; ; ; ; ; ;1; ; ; ; ; ; ; ; ; ; ; ; ; ; ; ; ; ; ; ; ; ; ; ; ; ; ; ; ; ; ; ; ; ;1; ; ; ; ;1; ; ; ;
[8,15]; ; ; ; ; ; ; ; ;1; ;1; ; ; ; ; ; ; ; ; ; ; ; ; ; ; ; ; ; ; ;1;1; ; ;1; ; ; ; ; ; ; ; ; ; ; ; ; ; ;1; ; ; ; ; ; ; ;1; ;1;
 slice allocation ;8;90;32;34;90;16;90;72;71;90;22;7;49;90;18;83;62;25;90;35;4;8;15;86;23;90;69;51;4;82;88;64;4;32;78;90;3;90;38;62;90;4;69;26;17;48;58;90;70;48;85;60;35;6;3;28;69;4;90;8;
