edge_slice_demand;k_1= (13,9,4);k_2= (13,1,6);k_3= (9,3,6);k_4= (2,14,4);k_5= (9,6,6);k_6= (13,15,3);k_7= (3,12,6);k_8= (2,6,3);k_9= (6,2,3);k_10= (5,1,6);k_11= (9,3,6);k_12= (11,15,6);k_13= (16,17,6);k_14= (13,5,3);k_15= (5,13,3);k_16= (14,17,3);k_17= (6,7,6);k_18= (1,11,6);k_19= (7,12,6);k_20= (9,7,6);k_21= (13,5,6);k_22= (14,10,3);k_23= (2,10,3);k_24= (10,7,3);k_25= (8,15,6);k_26= (16,7,6);k_27= (10,17,3);k_28= (13,4,3);k_29= (15,14,6);k_30= (10,6,6);k_31= (4,15,6);k_32= (3,9,3);k_33= (15,9,3);k_34= (11,3,3);k_35= (7,17,3);k_36= (9,10,6);k_37= (16,15,6);k_38= (4,15,3);k_39= (2,12,4);k_40= (4,16,4);k_41= (17,9,3);k_42= (4,6,6);k_43= (2,12,6);k_44= (2,12,3);k_45= (10,17,6);k_46= (7,10,6);k_47= (12,17,6);k_48= (17,2,3);k_49= (5,8,6);k_50= (1,12,6);
[1,3]; ;1;1; ; ; ; ; ; ;1;1; ; ; ; ; ; ; ; ; ; ; ; ; ; ; ; ; ; ; ; ;1; ;1; ; ; ; ; ; ; ;1; ; ; ; ; ; ; ;1;
[1,9]; ; ;1; ; ; ; ; ; ; ;1; ; ; ; ; ; ;1; ; ; ; ; ; ; ; ; ; ; ; ; ;1; ;1; ; ; ; ; ; ; ;1; ; ; ; ; ; ; ; ;
[2,3]; ;1; ; ; ; ; ; ; ; ; ; ; ; ; ; ; ; ; ; ; ; ; ; ; ; ; ; ; ; ; ; ; ; ; ; ; ; ; ; ; ;1; ;1; ; ; ; ; ; ;
[2,4]; ; ; ; ; ; ; ; ; ; ; ; ; ; ; ; ; ; ; ; ; ; ; ; ; ; ; ; ; ; ; ; ; ; ; ; ; ; ; ; ; ;1; ; ; ; ; ;1; ; ;
[2,5]; ;1; ;1; ; ; ;1;1; ; ; ; ; ; ; ; ; ; ; ; ; ;1; ; ; ; ; ; ; ; ; ; ; ; ; ; ; ;1; ; ; ;1; ; ; ; ; ; ; ;
[3,5]; ; ; ; ; ; ;1; ; ;1; ; ; ; ; ; ; ; ; ; ; ; ; ; ; ; ; ; ; ; ; ; ; ; ; ; ; ; ; ; ; ; ; ;1; ; ; ; ; ;1;
[4,5]; ; ; ; ; ; ; ; ; ; ; ; ; ; ; ; ; ; ; ; ;1; ; ; ; ; ; ; ; ; ; ; ; ; ; ;1; ; ; ; ; ; ; ; ; ; ; ; ; ; ;
[4,10]; ; ; ; ; ; ; ; ; ; ; ; ; ; ; ; ; ; ; ; ;1; ; ; ; ; ; ;1; ; ;1; ; ; ; ;1; ;1; ;1; ; ; ; ; ; ; ;1; ; ;
[5,9]; ; ; ; ; ; ; ;1;1; ; ; ; ; ; ; ; ; ; ; ; ; ; ; ; ; ; ; ; ;1; ; ;1; ; ;1; ; ; ; ; ; ; ; ; ;1; ; ;1; ;
[5,10]; ; ; ; ; ; ;1; ; ; ; ; ; ; ;1; ; ; ; ; ; ; ;1; ; ; ; ; ; ;1; ; ; ; ; ; ; ; ; ; ; ; ; ; ; ;1; ; ; ; ;
[5,11]; ;1; ;1; ; ; ; ; ; ; ; ; ;1; ; ; ; ; ; ; ; ; ; ; ; ; ; ; ; ; ; ;1; ; ; ; ; ;1; ; ; ;1;1; ; ; ; ; ;1;
[6,7]; ; ; ; ; ; ; ; ; ; ; ; ; ; ; ; ;1; ; ;1; ; ; ; ; ; ; ; ; ; ; ; ; ; ; ; ; ; ; ; ; ; ; ; ; ;1; ; ; ; ;
[6,9]; ; ; ; ;1; ; ;1;1; ; ; ; ; ; ; ; ; ; ;1; ; ; ; ; ; ; ; ; ;1; ; ; ; ; ; ; ; ; ; ; ;1; ; ; ;1; ; ; ; ;
[7,8]; ; ; ; ; ; ; ; ; ; ; ; ; ; ; ; ; ; ;1; ; ; ; ;1; ;1; ; ; ; ; ; ; ; ;1; ; ; ; ; ; ; ; ; ; ; ; ; ; ; ;
[8,9];1; ; ; ; ; ; ; ; ; ; ; ; ; ; ; ; ;1; ; ; ; ; ; ; ; ; ; ; ; ; ; ; ;1; ; ; ; ; ; ;1; ; ; ; ; ; ; ;1; ;
[8,11];1; ; ; ; ; ; ; ; ; ; ; ; ; ; ; ; ;1;1; ; ; ; ;1;1;1; ; ; ; ; ; ; ;1;1; ; ; ; ; ;1; ; ; ; ; ; ; ; ; ;
[10,11]; ; ; ; ; ; ;1; ; ; ; ; ; ; ; ; ; ; ; ; ; ; ; ;1; ; ; ; ; ; ; ; ; ; ; ; ; ; ; ; ; ; ; ; ; ; ; ; ; ; ;
[10,13]; ; ; ; ; ; ; ; ; ; ; ; ; ; ;1; ; ; ; ; ;1;1; ; ; ; ;1;1; ; ;1; ; ; ; ; ; ;1; ;1; ; ; ; ;1; ; ;1; ; ;
[11,12]; ; ; ;1; ; ;1; ; ; ; ; ; ;1; ; ; ; ;1; ; ; ; ; ; ; ; ; ; ; ; ; ;1; ; ; ; ; ;1; ;1; ;1;1; ; ; ; ; ;1;
[11,13];1;1; ; ; ; ; ; ; ; ; ;1; ; ; ; ; ; ; ; ; ; ; ; ;1;1; ; ; ; ; ; ; ; ;1; ; ; ; ; ; ; ; ; ; ; ; ; ; ; ;
[12,14]; ; ; ;1; ; ; ; ; ; ; ; ; ;1; ; ; ; ; ; ; ; ; ; ; ; ; ; ; ; ; ; ;1; ; ; ; ; ; ; ;1; ; ; ; ; ;1; ; ; ;
[13,15]; ; ; ; ; ; ; ; ; ; ; ; ; ; ; ; ; ; ; ; ; ;1; ; ;1; ; ; ; ; ;1; ; ; ; ; ; ; ; ;1; ; ; ; ; ; ; ; ; ; ;
[13,17]; ; ; ; ; ;1; ; ; ; ; ;1; ;1; ; ; ; ; ; ; ; ; ; ; ;1;1; ; ; ; ; ; ; ;1; ; ;1; ; ; ; ; ; ;1; ; ;1; ; ;
[14,15]; ; ; ; ; ; ; ; ; ; ; ; ; ;1; ;1; ; ; ; ; ;1; ; ; ; ; ; ;1; ; ; ;1; ; ; ; ; ; ; ;1; ; ; ; ; ;1; ; ; ;
[15,16]; ; ; ; ; ;1; ; ; ; ; ;1; ;1; ;1; ; ; ; ; ; ; ; ; ; ; ; ; ; ; ; ; ; ; ; ;1;1; ;1;1; ; ; ; ; ;1; ; ; ;
[16,17]; ; ; ; ; ;1; ; ; ; ; ;1;1;1; ;1; ; ; ; ; ; ; ; ; ;1; ; ; ; ; ; ; ; ; ; ; ;1; ; ;1; ; ; ; ; ;1; ; ; ;
 slice allocation ;4;12;33;32;13;4;12;48;39;27;21;18;12;44;43;34;14;10;38;31;28;6;36;17;45;30;48;3;30;6;35;36;24;51;24;15;11;51;28;22;48;45;18;21;12;21;41;38;30;6;
