edge_slice_demand;k_1= (15,2,3);k_2= (7,8,6);k_3= (2,6,6);k_4= (11,17,6);k_5= (18,11,4);k_6= (10,16,3);k_7= (16,3,6);k_8= (17,18,3);k_9= (16,12,6);k_10= (17,10,6);k_11= (18,13,6);k_12= (2,4,3);k_13= (10,2,3);k_14= (8,10,3);k_15= (11,6,3);k_16= (4,3,3);k_17= (16,10,3);k_18= (4,11,6);k_19= (6,4,3);k_20= (3,16,6);k_21= (18,17,3);k_22= (17,3,3);k_23= (10,2,3);k_24= (7,11,3);k_25= (9,6,3);k_26= (17,18,6);k_27= (10,15,3);k_28= (1,18,6);k_29= (18,12,3);k_30= (15,11,6);
[1,5]; ; ; ; ; ; ; ; ; ;1; ; ; ; ; ; ; ; ; ; ; ; ; ; ; ; ; ;1; ; ;
[1,14]; ; ; ; ; ; ; ; ; ; ; ; ; ; ; ; ; ; ; ; ; ; ; ; ; ; ; ; ; ; ;
[1,15]; ; ; ; ; ; ; ; ; ; ; ; ; ; ; ; ; ; ; ; ; ; ; ; ; ;1; ; ; ; ;
[1,17]; ; ; ;1; ; ; ; ; ;1; ; ; ; ; ; ; ; ; ; ;1; ; ; ; ; ; ; ; ; ;
[1,18]; ; ; ;1; ; ; ; ; ; ; ; ; ; ; ; ; ; ; ; ;1; ; ; ; ;1; ; ; ; ;
[2,4]; ; ; ; ; ; ; ; ; ; ; ; ; ; ; ;1; ; ;1; ; ; ; ; ; ; ;1; ; ; ;
[2,5]; ; ; ; ; ; ;1; ; ; ; ; ; ; ; ;1; ; ; ; ; ; ; ; ; ; ; ; ; ; ;
[2,9];1; ; ; ; ; ; ; ; ; ; ;1; ; ; ; ; ; ; ; ; ; ; ; ; ; ; ; ; ; ;
[2,10]; ; ; ; ; ; ; ; ; ; ; ; ;1; ; ; ; ; ; ; ; ; ;1; ; ; ;1; ; ; ;
[2,16]; ; ;1; ; ; ;1; ; ; ; ; ; ; ; ; ; ; ;1; ; ; ; ; ; ; ; ; ; ; ;
[3,5]; ; ; ; ; ; ;1; ; ; ; ; ; ; ; ;1; ; ; ; ; ;1; ; ;1; ; ; ; ; ;
[3,6]; ; ; ; ; ; ; ; ; ; ; ; ; ; ;1; ; ; ; ;1; ; ; ; ;1; ; ; ; ; ;
[3,11]; ; ; ;1;1; ; ; ; ; ; ; ; ; ;1; ; ; ; ; ; ; ; ; ; ; ; ; ; ; ;
[3,18]; ; ; ;1;1; ; ; ; ; ; ; ; ; ; ; ; ; ; ; ; ; ; ; ; ; ; ; ; ; ;
[4,7]; ;1; ; ; ; ; ; ; ; ; ; ; ; ; ; ; ; ; ; ; ; ; ; ; ; ; ; ; ;1;
[4,9]; ; ; ; ; ; ; ; ; ; ;1;1; ; ; ; ; ; ; ; ; ; ; ; ; ; ; ; ; ; ;
[4,12]; ; ; ; ; ; ; ; ;1; ; ; ; ; ; ; ; ; ; ; ; ; ; ; ; ; ; ; ; ; ;
[4,13]; ; ; ; ; ; ; ; ; ; ;1; ; ; ; ; ; ; ; ; ; ; ; ; ; ; ; ; ; ; ;
[4,15]; ;1; ; ; ; ; ; ; ; ; ; ; ; ; ; ; ; ; ; ; ; ; ; ; ; ;1; ; ;1;
[4,16]; ; ; ; ; ; ; ; ;1; ; ; ; ; ; ; ; ;1; ; ; ; ; ; ; ; ; ; ; ; ;
[5,9]; ; ; ; ; ; ; ; ; ; ;1; ; ; ; ; ; ; ; ; ; ; ; ; ;1; ; ; ; ; ;
[5,10]; ; ; ; ; ; ; ;1; ;1; ; ; ; ; ; ; ; ; ; ; ;1; ; ; ; ; ; ; ; ;
[5,18]; ; ; ; ; ; ; ;1; ; ;1; ; ; ; ; ; ; ; ; ; ; ; ; ; ; ; ;1; ; ;
[6,11]; ; ;1; ; ; ; ; ; ; ; ; ; ; ; ; ; ; ;1;1; ; ; ; ; ; ; ; ; ; ;
[7,11]; ; ; ; ; ; ; ; ; ; ; ; ; ; ; ; ; ; ; ;1; ; ; ;1; ; ; ; ; ;1;
[7,16]; ; ; ; ; ; ; ; ; ; ; ; ; ; ; ; ; ; ; ;1; ; ; ; ; ; ; ; ; ; ;
[8,12]; ; ; ; ; ; ; ; ; ; ; ; ; ; ; ; ; ; ; ; ; ; ; ; ; ; ; ; ;1; ;
[8,13]; ; ; ; ; ; ; ; ; ; ; ; ; ; ; ; ; ; ; ; ; ; ; ; ; ; ; ; ; ; ;
[8,14]; ; ; ; ; ; ; ; ; ; ; ; ; ; ; ; ; ; ; ; ; ; ; ; ; ; ; ; ;1; ;
[8,17]; ; ; ; ; ; ; ; ; ; ; ; ; ; ; ; ; ; ; ; ; ; ; ; ; ; ; ; ; ; ;
[9,10]; ; ; ; ; ; ; ;1; ; ; ; ; ;1; ; ; ; ; ; ; ;1; ; ; ; ; ; ; ; ;
[9,15];1; ; ; ; ; ; ;1; ; ; ; ; ;1; ; ; ; ; ; ; ;1; ; ; ; ; ; ; ; ;
[10,16]; ; ; ; ; ;1; ; ; ; ; ; ; ; ; ; ;1; ; ; ; ; ; ; ; ; ; ; ; ; ;
[11,16]; ; ;1; ; ; ; ; ; ; ; ; ; ; ; ; ; ;1;1; ; ; ; ; ; ; ; ; ; ; ;
[12,13]; ; ; ; ; ; ; ; ; ; ; ; ; ; ; ; ; ; ; ; ; ; ; ; ; ; ; ; ; ; ;
[13,15]; ; ; ; ; ; ; ; ; ; ; ; ; ; ; ; ; ; ; ; ; ; ; ; ; ; ; ; ; ; ;
[14,17]; ; ; ; ; ; ; ; ; ; ; ; ; ; ; ; ; ; ; ; ; ; ; ; ; ; ; ; ; ; ;
[14,18]; ; ; ; ; ; ; ; ; ; ; ; ; ; ; ; ; ; ; ; ; ; ; ; ; ; ; ; ;1; ;
[15,17]; ; ; ; ; ; ; ;1; ; ; ; ; ; ; ; ; ; ; ; ; ;1; ; ; ;1; ; ; ; ;
[8,15]; ;1; ; ; ; ; ; ; ; ; ; ; ;1; ; ; ; ; ; ; ; ; ; ; ; ; ; ; ; ;
 slice allocation ;6;9;12;15;5;14;6;15;12;6;6;9;12;3;9;9;3;6;15;6;9;12;6;9;15;6;3;12;3;15;
