edge_slice_demand;k_1= (1,4,4);k_2= (7,9,3);k_3= (2,4,3);k_4= (1,15,4);k_5= (13,4,3);k_6= (9,13,4);k_7= (8,4,4);k_8= (17,16,3);k_9= (8,17,4);k_10= (2,11,3);k_11= (14,10,4);k_12= (10,15,3);k_13= (12,1,4);k_14= (3,1,3);k_15= (6,15,4);k_16= (11,15,3);k_17= (6,2,3);k_18= (12,17,4);k_19= (4,11,4);k_20= (13,9,4);k_21= (1,2,3);k_22= (7,6,3);k_23= (15,4,4);k_24= (4,1,4);k_25= (17,14,3);k_26= (4,14,4);k_27= (4,10,3);k_28= (11,7,3);k_29= (9,8,3);k_30= (17,13,3);k_31= (17,15,3);k_32= (6,16,4);k_33= (11,2,3);k_34= (7,11,3);k_35= (14,6,4);k_36= (17,7,4);k_37= (14,16,3);k_38= (12,3,4);k_39= (16,15,3);k_40= (3,17,4);k_41= (4,8,4);k_42= (11,2,3);k_43= (15,4,4);k_44= (14,15,3);k_45= (15,17,3);k_46= (17,16,3);k_47= (1,12,4);k_48= (5,17,4);k_49= (12,11,3);k_50= (1,2,3);k_51= (6,3,3);k_52= (14,13,3);k_53= (8,7,3);k_54= (4,2,3);k_55= (1,7,4);k_56= (16,6,4);k_57= (12,4,4);k_58= (6,10,4);k_59= (2,6,3);k_60= (9,6,3);k_61= (16,13,3);k_62= (7,15,4);k_63= (11,1,4);k_64= (15,11,3);k_65= (13,14,3);k_66= (1,9,3);k_67= (9,6,3);k_68= (11,6,3);k_69= (14,1,4);k_70= (15,6,4);k_71= (8,6,3);k_72= (16,2,4);k_73= (13,9,4);k_74= (11,14,3);k_75= (9,8,3);k_76= (13,5,3);k_77= (5,11,3);k_78= (16,6,4);k_79= (16,12,3);k_80= (11,12,3);k_81= (10,7,4);k_82= (3,15,4);k_83= (2,13,4);k_84= (8,15,4);k_85= (12,14,3);k_86= (5,6,3);k_87= (10,5,3);k_88= (11,8,3);k_89= (10,12,3);k_90= (14,4,4);
[1,3];1; ; ;1; ; ; ; ; ; ; ; ;1;1; ; ; ; ; ; ;1; ; ;1; ; ; ; ; ; ; ; ; ; ; ; ; ; ; ; ; ; ; ; ; ; ;1; ; ;1; ; ; ; ; ; ; ; ; ; ; ; ;1; ; ; ; ; ; ; ; ; ; ; ; ; ; ; ; ; ; ; ; ; ; ; ; ; ; ; ;
[1,9]; ; ; ; ; ; ; ; ; ; ; ; ; ; ; ; ; ; ; ; ; ; ; ; ; ; ; ; ; ; ; ; ; ; ; ; ; ; ; ; ; ; ; ; ; ; ; ; ; ; ; ; ; ; ;1; ; ; ; ; ; ; ; ; ; ;1; ; ;1; ; ; ; ; ; ; ; ; ; ; ; ; ; ; ; ; ; ; ; ; ;
[2,3];1; ; ; ; ; ; ; ; ; ; ; ; ; ; ; ; ; ; ; ;1; ; ;1; ; ; ; ; ; ; ; ; ; ; ; ; ;1; ; ; ; ; ; ; ; ; ; ; ;1; ; ; ; ; ; ; ; ; ; ; ; ; ; ; ; ; ; ; ; ; ; ; ; ; ; ; ; ; ; ; ; ; ; ; ; ; ; ; ; ;
[2,4];1; ; ; ; ; ; ; ; ; ; ; ; ; ; ; ; ; ; ; ; ; ; ;1; ; ; ; ; ; ; ; ; ; ; ; ; ; ; ; ; ; ; ; ; ; ; ; ; ; ; ; ; ;1; ; ; ; ; ; ; ; ; ; ; ; ; ; ; ; ; ; ; ; ; ; ; ; ; ; ; ; ;1; ; ; ; ; ; ; ;
[2,5]; ; ;1; ; ; ; ; ; ;1; ; ; ; ; ; ;1; ; ; ; ; ; ; ; ; ; ; ; ; ; ; ;1; ; ; ; ;1; ; ; ;1; ; ; ; ; ; ; ; ; ; ; ; ; ; ; ; ;1; ; ; ; ; ; ; ; ; ; ; ; ;1; ; ; ; ; ; ; ; ; ; ; ; ; ; ; ; ; ; ;
[3,5]; ; ; ;1; ; ; ; ; ; ; ; ;1; ; ; ; ; ; ; ; ; ; ; ; ; ; ; ; ; ; ; ; ; ; ; ; ; ; ;1; ; ; ; ; ; ;1; ; ; ;1; ; ; ; ; ; ; ; ; ; ; ;1; ; ; ; ; ; ; ; ; ; ; ; ; ; ; ; ; ; ;1; ; ; ; ; ; ; ; ;
[4,5]; ; ;1; ; ; ;1; ; ; ; ; ; ; ; ; ; ; ; ; ; ; ; ; ; ; ;1; ; ; ; ; ; ; ; ; ; ; ; ; ; ; ; ; ; ; ; ; ; ; ; ; ; ; ; ; ; ; ; ; ; ; ;1; ; ; ; ; ; ; ; ; ; ; ; ; ; ; ; ; ; ; ; ; ; ; ; ; ; ; ;
[4,10]; ; ; ; ;1; ; ; ; ; ; ; ; ; ; ; ; ; ;1; ; ; ;1; ; ;1; ; ; ; ; ; ; ; ; ; ; ; ; ; ;1; ;1; ; ; ; ; ; ; ; ; ; ; ; ; ;1; ; ; ; ; ;1; ; ; ; ; ; ; ; ; ; ; ; ; ; ; ; ; ; ; ;1; ; ; ; ; ; ;1;
[5,9]; ; ; ; ; ; ;1; ; ; ; ; ; ; ; ; ;1; ; ; ; ; ; ; ; ; ; ; ; ; ; ;1; ; ; ; ; ; ; ; ; ; ; ; ; ; ; ; ; ; ;1; ; ; ; ;1; ;1;1; ; ;1; ; ; ; ; ; ; ; ; ; ; ; ; ; ; ;1; ; ; ; ; ; ; ;1; ; ; ; ;
[5,10]; ; ; ; ; ; ; ; ; ; ; ; ; ; ; ; ; ; ; ; ; ; ; ; ; ; ;1; ; ; ; ; ; ; ; ; ; ; ; ;1; ; ; ; ; ; ; ; ; ; ; ; ; ; ; ;1; ;1; ; ; ;1; ; ; ; ; ; ; ; ; ;1; ; ; ;1; ;1; ; ; ; ; ; ; ; ;1; ; ; ;
[5,11]; ; ; ;1; ; ; ; ; ;1; ; ;1; ; ; ; ; ; ; ; ; ; ; ; ; ; ; ; ; ; ;1;1; ; ; ; ;1; ; ; ;1; ; ; ; ;1;1; ; ; ; ; ; ; ; ; ; ; ; ; ; ; ; ; ; ; ; ; ; ; ; ; ; ; ; ;1; ; ; ; ;1; ; ; ; ; ; ; ; ;
[6,7]; ;1; ; ; ; ; ; ; ; ; ; ; ; ;1; ; ; ; ; ; ;1; ; ; ; ; ; ; ; ; ; ; ; ;1; ; ; ; ; ; ; ; ; ; ; ; ; ; ; ; ; ; ; ;1; ; ; ; ; ; ;1; ; ; ; ; ;1; ;1;1; ; ; ; ; ; ; ; ; ; ; ; ; ; ; ; ; ; ; ;
[6,9]; ;1; ; ; ; ; ; ; ; ; ; ; ; ; ; ;1; ; ; ; ; ; ; ; ; ; ; ; ; ; ;1; ; ; ; ; ; ; ; ; ; ; ; ; ; ; ; ; ; ;1; ; ; ;1;1; ;1;1;1; ;1; ; ; ; ;1; ; ; ; ; ; ; ; ; ; ;1; ; ; ; ; ; ; ;1; ; ; ; ;
[7,8]; ; ; ; ; ; ; ; ; ; ; ; ; ; ;1; ; ; ; ; ; ; ; ; ; ; ; ;1; ; ; ; ; ;1;1;1; ; ; ; ; ; ; ; ; ; ; ; ; ; ; ; ;1; ; ; ; ; ; ; ; ; ; ; ; ; ; ;1; ;1;1; ; ; ; ; ; ; ; ; ;1; ; ; ; ; ; ; ; ; ;
[8,9]; ; ; ; ; ;1;1; ; ; ; ; ; ; ; ; ; ; ; ;1; ; ; ; ; ; ; ; ;1; ; ; ; ; ; ; ; ; ; ; ; ; ; ; ; ; ; ; ; ; ; ; ; ; ; ; ; ; ; ; ; ; ; ; ; ; ; ; ;1; ; ; ;1; ;1; ; ; ; ; ; ; ; ; ; ; ; ; ; ; ;
[8,11]; ; ; ; ; ;1; ; ;1; ; ; ; ; ;1; ; ; ; ;1; ; ; ; ; ; ; ;1; ; ; ; ; ;1;1;1; ; ; ; ;1; ; ; ; ; ; ; ; ; ; ; ; ; ; ; ; ; ; ; ; ; ; ; ; ; ; ;1;1;1; ; ;1; ; ; ; ; ; ; ;1; ; ;1; ; ; ;1; ; ;
[10,11]; ; ; ; ; ; ; ; ; ; ; ; ; ; ; ; ; ; ;1; ; ; ;1; ; ; ; ; ; ; ; ; ; ; ; ; ; ; ; ; ; ; ; ; ; ; ; ; ; ; ; ; ; ; ; ; ;1; ; ; ; ; ;1; ; ; ; ; ; ; ; ; ; ; ; ; ; ; ; ; ;1; ; ;1; ; ; ; ;1; ;
[10,13]; ; ; ; ;1; ; ; ; ; ;1;1; ; ; ; ; ; ; ; ; ; ; ; ; ;1; ; ; ; ; ; ; ; ; ; ; ; ; ;1;1; ;1; ; ; ; ; ; ; ; ; ; ; ; ;1; ; ; ; ; ;1; ; ; ; ; ; ; ; ; ;1; ; ; ;1; ;1; ; ; ; ;1;1; ; ; ; ; ;1;
[11,12]; ; ; ;1; ; ; ; ; ; ; ; ;1; ; ; ; ; ; ; ; ; ; ; ; ; ; ; ; ; ; ; ; ; ;1; ; ;1; ; ; ; ; ; ; ; ;1; ;1; ; ; ; ; ; ; ;1; ; ; ; ; ; ; ; ; ; ; ;1; ; ; ; ;1; ; ; ; ; ;1; ;1; ; ; ; ; ; ;1; ;
[11,13]; ; ; ; ; ;1; ; ;1; ; ; ; ; ;1;1; ; ; ;1; ; ;1; ; ; ; ; ; ; ; ;1; ; ; ;1; ; ; ; ;1; ; ; ; ; ; ;1; ; ; ; ; ; ; ; ; ; ; ; ; ; ; ;1; ; ; ; ; ;1; ; ;1; ; ; ; ; ; ; ; ; ; ; ; ; ; ; ; ; ;
[12,14]; ; ; ;1; ; ; ; ; ; ; ; ; ; ; ; ; ;1; ; ; ; ; ; ; ; ; ; ; ; ; ; ; ; ;1; ; ; ; ; ; ; ; ; ; ; ; ; ; ; ; ; ; ; ; ; ; ; ; ; ; ; ; ; ; ; ; ; ;1; ; ; ; ;1; ; ; ; ;1; ; ;1; ; ;1; ; ; ; ; ;
[13,15]; ; ; ; ; ; ; ; ; ; ;1;1; ; ; ;1; ; ; ; ; ; ;1; ; ;1; ; ; ; ; ;1; ; ; ; ; ; ; ; ; ; ; ; ; ; ; ; ; ; ; ;1; ; ; ; ; ; ; ; ; ;1; ;1;1; ; ; ; ; ; ; ; ; ; ; ; ; ; ; ; ; ; ;1; ; ; ; ; ; ;
[13,17]; ; ; ; ; ; ; ; ;1; ; ; ; ; ;1; ; ; ; ; ; ; ; ; ; ; ; ; ; ;1; ; ; ; ; ;1; ; ; ;1; ; ;1; ; ; ; ;1; ; ; ; ; ; ; ;1; ; ; ; ;1; ; ; ; ; ; ; ; ;1; ;1; ; ; ; ; ;1; ; ; ; ; ; ; ; ; ; ; ;1;
[14,15]; ; ; ;1; ; ; ; ; ; ;1; ; ; ; ; ; ;1; ; ; ; ; ; ;1;1; ; ; ; ; ; ; ; ; ; ;1; ; ; ; ; ; ;1; ; ; ; ; ; ; ;1; ; ; ; ; ; ; ; ; ; ; ; ;1; ; ; ; ; ; ; ; ; ; ; ; ; ;1; ; ;1; ; ; ; ; ; ; ;1;
[15,16]; ; ; ; ; ; ; ; ; ; ; ; ; ; ;1; ; ;1; ; ; ; ; ; ;1; ; ; ; ; ;1;1; ; ; ; ;1; ;1; ; ; ;1; ;1; ; ; ; ; ; ; ; ; ; ; ; ; ; ; ; ; ; ; ; ; ; ; ; ;1; ; ; ; ; ; ; ; ;1; ; ; ; ; ; ; ; ; ; ;1;
[16,17]; ; ; ; ; ; ; ;1; ; ; ; ; ; ;1; ; ;1; ; ; ; ; ; ;1; ; ; ; ; ;1; ; ; ; ; ; ; ; ; ; ; ;1; ;1;1; ; ; ; ; ; ; ; ; ;1; ; ; ; ;1; ; ; ; ; ; ; ; ;1; ;1; ; ; ; ; ;1; ; ; ; ; ; ; ; ; ; ; ;1;
 slice allocation ;31;43;22;81;29;4;50;6;8;43;35;100;4;27;32;23;74;40;56;16;24;7;48;21;51;20;3;56;37;11;36;27;30;23;36;40;3;11;57;104;120;51;44;14;12;48;15;36;7;41;23;30;12;34;12;16;24;8;36;20;3;40;37;51;6;21;30;51;28;20;27;26;44;19;19;94;60;114;47;31;63;86;5;12;70;3;35;48;105;61;
